From,To,Label,Type,Tags,Description,End Date,Member Link to List,Publication Date,Size,Start Date,Website,Wikipedia Article
DoNotTrack.Us,Cookie Clearinghouse,,Similar Efforts/Projects/Work,,,,,,,,,
CEF Telecom,CEF Building Blocks / CEF Digital Portal,,Government Connection,,,,,,,,,
ELSA,STORK,,Connection,,,,,,,,,
European Commission,Horizon 2020,,Government Connection,,,,,,,,,
John Bradley,OpenID Connect Discovery 1.0,,Author,,,,,,,,,
T. Lodderstedt,MODRNA Discovery,,Author,,,,,,,,,
"International Working Group on Data Protection in Telecommunications (IWGDPT) ""The Berlin Group""",Working Paper on Privacy and Wearable Computing Devices,,Author,,,,,,,,,
ITU-T  International Telecommunication Union,United Nations,,Government Connection,,,,,,,,,
Justin Richer,Health Relationship Trust Profile for Fast Healthcare Interoperability Resources (FHIR) OAuth 2.0 Scopes,,Author,,,,,,,,,
World Bank,Digital Identity: Towards Shared Principles for Public and Private Sector Cooperation A joint World Bank Group – GSMA – Secure Identity Alliance Discussion Paper,,Author,,,,,,,,,
Dick Hardt,Fast Federation,,Chair / Vice Chair,,,,,,,,,
InternetNZ,The Internet Technical Advisory Committee,,General Member,,,,,,,,,
Consent Receipt Specification,Initial Open Notice Call for Collaboration,,Author,,,,,,,,,
Department of Justice,United States Government,,Government Connection,,,,,,,,,
Privacy Commissioner of Canada (Commissariat à la protection de la vie privée du Canada),Canadian Government,,Government Connection,,,,,,,,,
EEMA,Vendorcom,,Collaboration Partner / Affiliate,,,,,,,,,
American Bar Association: Identity Management Legal Taskforce,International Identity Law and Policy Workshop,,Sponsor,,,,,,,,,
Identity Metasystem Interoperability (IMI),OASIS,,Organization for Group,,,,,,,,,
ESI European Software Institute,European Trust Foundation,,Executive Member,,,,,,,,,
Paul Simmonds,“Identity” Commandments,,Author,,,,,,,,,
Privacy Considerations for Internet Protocols,IETF,,Organization for Group,,,,,,,,,
University of Murcia,Trust in Digital Life,,General Member,,,,,,,,,
Thales Communications SA,Thales,,Organization for Group,,,,,,,,,
Computer Science and Telecommunications Board; Division on Engineering and Physical Sciences; National Research Council,Privacy Research and Best Practices:  Summary of a Workshop for the Intelligence Community,,Author,,,,,,,,,
WISER Wide-Impact cyber Security Risk framework,"Cyber secure, innovative smart energy products",,Funding Flow,,,,,,,,,
Health Relationship Trust Profile for OpenID Connect 1.0,HEART Working Group,,Specification of Group,,,,,,,,,
OpenID Connect Dynamic Client Registration 1.0,AB/Connect Working Group,,Specification of Group,,,,,,,,,
eIDAS,Identity Law & Policy Workshop Amsterdam,,Connection,,,,,,,,,
NMRG Network Management Research Group,Internet Research Task Force IRTF,,Organization for Group,,,,,,,,,
Financial API Working Group,OpenID Foundation,,Organization for Group,,,,,,,,,
Experian,OIX-UK,,Executive Member,,,,,,,,,
Department of Homeland Security,US National Information Exchange Model,,Founder,,,,,,,,,
Truxtun Capital,Trust in Digital Life,,General Member,,,,,,,,,
Ian Henderson,Consent and Information Sharing Working  Group,,Chair / Vice Chair,,,,,,,,,
FutureID,Future Trust,,Connection,,,,,,,,,
Lucile Girollet,Civil Registry Consolidation through Digital Identity Management,,Author,,,,,,,,,
Mike Jones,EAP ACR Values,,Author,,,,,,,,,
Group Security Research Group,IETF,,Organization for Group,,,,,,,,,
STORK,STORK 2.0,,Connection,,,,,,,,,
National Interoperability Framework Observatory (NIFO),eGov State of Play - Reports,,Author,,,,,,,,,
United States Government,World Bank,,Executive Member,,,,,,,,,
Computer Science and Telecommunications Board; Division on Engineering and Physical Sciences; National Research Council,The Internet's Coming of Age,,Author,,,,,,,,,
Western Hemisphere Travel Initiative,Trusted Traveler Programs,,Government Connection,,,,,,,,,
IEEE Computer Society,IEEE Cybersecurity Initiative,,Founder,,,,,,,,,
CFRG Crypto Forum Research Group,Internet Research Task Force IRTF,,Organization for Group,,,,,,,,,
"International Working Group on Data Protection in Telecommunications (IWGDPT) ""The Berlin Group""",Working Paper on privacy risks in the re-use of email accounts and similar information society services,,Author,,,,,,,,,
Justin Richer,OAuth Token Introspection (RFC7662),,Author,,,,,,,,,
EEMA,Trust in Digital World,,Convenor,,,,,,,,,
Maciej Machulak,UMA Developer,,Person Affiliated,,,,,,,,,
Digital Single Market,Economy & Society,,Government Connection,,"The Digital Single Market strategy aims to open up digital opportunities for people and business and enhance Europe's position as a world leader in the digital economy.

The Digital Single Market Strategy will maximise the growth potential of the European Digital Economy and of its society, so that every European can enjoy its full benefit.

The economy and society of Europe need to make the most of digital. 47% of EU population is not properly digitally skilled, yet in the near future, 90% of jobs will require some level of digital skills.",2016-12-31,,,,2015-09-06,https://ec.europa.eu/digital-single-market/en/digital-single-market,
American Registry for Internet Numbers (ARIN),Number Resource Organization (NRO),,General Member,,,,,,,,,
Open Identity Exchange,OIX-UK,,Connection,,,,,,,,,
Future of Identity in the Information Society (FIDIS),Mobility and Identity,,Author,,,,,,,,,
Federal Trade Commission,The International Conference of Data Protection and Privacy Commissioners,,General Member,,,,,,,,,
Graz University of Technology,The Secure Information Technology Center – Austria (A-SIT),,Funding Flow,,,,,,,,,
The Institute for Law and the Web at the University of Southampton (ILAWS),University of Southampton,,Organization for Group,,,,,,,,,
comsign,Justice Ministry in Israel,,Certified IdP,,,,,,,,,
IBM Research - Zurich,IBM,,Organization for Group,,,,,,,,,
Center for Internet and Society,Stanford,,Organization for Group,,,,,,,,,
eIDAS,International Identity Law and Policy Workshop,,,,,,,,,,,
T2TRG Thing-to-Thing Research Group,Internet Research Task Force IRTF,,Organization for Group,,,,,,,,,
NFVRG Network Function Virtualization Research Group,Service Function Chaining  (sfc),,Connection,,,,,,,,,
eIDAS,FutureID,,Government Connection,,,,,,,,,
"Directorate-General for Internal Market, Industry, Entrepreneurship and SMEs (DG GROWTH )",eInvoicing,Implementation of the EU Policy,Government Connection,,,,,,,,,
eSignature,EU Trusted List Scheme Operators,,Connection,,,,,,,,,
Cryptas,Trust in Digital Life,,General Member,,,,,,,,,
Chuck Mortimore,OpenID Connect Profile for SCIM Services,,Author,,,,,,,,,
OneTurst,Annual Privacy Forum,,Sponsor,,,,,,,,,
USCIS US Citizenship and Immigration Services - Department of Homeland Security,Electronic Verification of Vital Events (EVVE),,Customer of Service / Company,,,,,,,,,
NEC Laboratories Europe,NEC,,Organization for Group,,,,,,,,,
Thomas Hardjono,Blockchain and Smart Contracts Discussion Group,,Chair / Vice Chair,,,,,,,,,
Tracking Compliance and Scope,The Tracking Protection Working Group,,Specification of Group,,,,,,,,,
Verification of Lawful Status (VLS),American Association of Motor Vehicle Administrators,,Organization for Group,,,,,,,,,
UK  Cabinet Office,OIX-UK,,Executive Member,,,,,,,,,
Working Party on Communications and Infrastructure Services Policy (CISP),The Economics of Personal Data and Privacy: 30 Years after the OECD Privacy Guidelines,,Convenor,,,,,,,,,
NASCIO,US National Information Exchange Model,,Executive Member,,,,,,,,,
Eurodocs,ABC4Trust,,General Member,,,,,,,,,
SSEDIC - Scoping the Single European Digital Identity Community,SSEDIC.2020 - Scoping the Single European Digital Identity Community for the next decade,,Connection,,,,,,,,,
IEEE Cybersecurity Initiative,IEEE SecDev 2016,,Sponsor,,,,,,,,,
eIDAS,LIGHTEST,,Government Connection,,,,,,,,,
Global Identity Foundation,The Six Conundrums of Global Identity,,Author,,,,,,,,,
White House - Office of Science and Technology Policy,National Strategy for Trusted Identities in Cyberspace,,Author,,,,,,,,,
Tim Bray,AccountChooser Integration API Profile 1.0,,Author,,,,,,,,,
OpenID Connect Discovery 1.0,AB/Connect Working Group,,Specification of Group,,,,,,,,,
"International Working Group on Data Protection in Telecommunications (IWGDPT) ""The Berlin Group""",Working Paper on Privacy and Aerial Surveillance,,Author,,,,,,,,,
Identification cards – Machine readable travel documents – Part 1: Machine readable passport,Machine Readable Travel Documents WG3,,Specification of Group,,,,,,,,,
"TSDSI  Telecommunications Standards Development Society, Indiia",Global Standards Collaboration,,General Member,,,,,,,,,
Internet Architecture Board (IAB),IESG -  Internet Engineering Steering Group,,Connection,,,,,,,,,
Ku Leuven,Trust in Digital Life,,General Member,,,,,,,,,
Blockchain Working Group,"Blockchain: Perspectives on Research, Technology and Policy",,Author,,,,,,,,,
WISER Wide-Impact cyber Security Risk framework,Cyber secure assessment preferences of financial institutions,,Funding Flow,,,,,,,,,
Public Service Development Agency,Future Trust,,General Member,,,,,,,,,
eIDAS,International Identity Law and Policy Workshop,,Connection,,,,,,,,,
Privacy Engineering,National Institute of Standards (NIST),,Organization for Group,,,,,,,,,
European Commission,Connecting Europe Facility CEF  Telecom Expert Group,,Government Connection,,,,,,,,,
ISO/IEC JTC 1 / SC27 IT Security Techniques,ISO/IEC,,Organization for Group,,,,,,,,,
Directorate-General for Informatics (DIGIT),eGov State of Play - Reports,,Author,,,,,,,,,
Thales Communications SA,Trust in Digital Life,,General Member,,,,,,,,,
ABAC Attribute Based Access Control,National Institute of Standards (NIST),,Organization for Group,,,,,,,,,
International Federation for Information Processing,IFIP Summer School 2016,,Convenor,,,,,,,,,
OpenID Connect Federation 1.0,AB/Connect Working Group,,Specification of Group,,,,,,,,,
EEMA,OECD (The Organisation for Economic Co-operation and Development),,Collaboration Partner / Affiliate,,,,,,,,,
Open Web Platform,W3C,,Specification of Group,,,,,,,,,
Physical Characteristics and Test Methods WG1,ISO/IEC JTC1/SC17,,Organization for Group,,,,,,,,,
Trustseed,Trust in Digital Life,,General Member,,,,,,,,http://www.trustseed.com/index.php/en/,
European Committee for Standardization (CEN),The Internet Technical Advisory Committee,,General Member,,,,,,,,,
"DEEDS - Dependable, Embedded Systems and Software",Technische Universität Darmstadt,,Organization for Group,,,,,,,,,
Justin Richer,Health Relationship Trust Profile for OAuth 2.0,,Author,,,,,,,,,
Edmund Jay,Illumila,,Employee,,,,,,,,,
J. Connotte,MODRNA Authentication Profile,,Author,,,,,,,,,
European Data Protection Supervisor (Contrôleur européen de la protection des données),ipen Internet Privacy Engineering Network,,,,,,,,,,,
ELSA,e-CODEX,,Connection,,,,,,,,,
Thomas J. Smedinghoff,American Bar Association: Identity Management Legal Taskforce,,Chair / Vice Chair,,,,,,,,,
mobile Ecosystem Forum,mef trust working group,,Organization for Group,,,,,,,,,
7th Framework Programme,epSOS,,Funding Flow,,,,,,,,,
"International Working Group on Data Protection in Telecommunications (IWGDPT) ""The Berlin Group""",”Rome Memorandum” - Report and Guidance on Privacy in Social Network Services,,Author,,,,,,,,,
EEMA,Trust in Digital Life,,,,,,,,,,,
FIDO 2.0: Key Attestation Format,FIDO Alliance,,Organization for Group,,,,,,,,,
Post Office,GOV.UK Verify,,Certified IdP,,,,,,,,,
Driver's License Data Verification (DLDV) Service,American Association of Motor Vehicle Administrators,,Organization for Group,,,,,,,,,
Identification cards – Contactless integrated circuit(s) cards  (10536),Contactless Integrated Circuit(s) cards WG8,,Specification of Group,,,,,,,,,
Systematic Alien Verification for Entitlements SAVE,Verification of Lawful Status (VLS),,Connection,,,,,,,,,
AccountChooser Integration API Profile 1.0,Account Chooser,,Specification of Group,,,,,,,,,
ISA2 Interoperability Solutions for European Public Administrators,european Interoperability Framework (EIF) for European Public Services,,Author,,,,,,,,,
ID Theft Prevention and ID Management Standards Panel (IDSP),ANCI,,Organization for Group,,,,,,,,,
Digital Signature Services (DSS) TC,DSS - XSD supporting ITU-T X.509 certificate version 3 rules in the eIDAS trusted list,,,,,,,,,,,
GEANT (GEANT),The Internet Technical Advisory Committee,,General Member,,,,,,,,,
Kai Rannenberg,Chair of Mobile Business & Multilateral Security,,Chair / Vice Chair,,,,,,,,,
Kai Rannenberg,ipen Internet Privacy Engineering Network,,Chair / Vice Chair,,,,,,,,,
Global Identity Foundation,Global Identity Foundation - White Paper,,Author,,,,,,,,,
Justin Richer,Health Relationship Trust Profile for OpenID Connect 1.0,,Author,,,,,,,,,
MULTICERT – Serviços de Certificação Electrónica S.A,Future Trust,,General Member,,,,,,,,,
Eve Maler,Forge Rock,,Employee,,,,,,,,,
Trusted Traveler Programs,US Customs and Boarder Protection,,Government Connection,,,,,,,,,
SDNRG Software-Defined Networking Research Group,ITU-T  International Telecommunication Union,,Connection,,,,,,,,,
Asia‑Pacific Network Information Centre (APNIC),Number Resource Organization (NRO),,General Member,,,,,,,,,
Roy T. Fielding,Adobe,,Employee,,,,,,,,,
Innovate UK,UK Government,,Government Connection,,,,,,,,,
Blockchain Working Group,"Multiple Views on Blockchain: Technology, Use Cases, Economics and Policies",,,,,,,,,,,
Department of Justice,US National Information Exchange Model,,Founder,,,,,,,,,
AIDC: Automatic Identification and Data Capture Committee,"ATIS   The Alliance for Telecommunications Industry Solutions, USA",,Organization for Group,,,,,,,,,
EEMA,European Trust Foundation,,Founder,,,,,,,,,
Personal Identity Verification,National Institute of Standards (NIST),,Organization for Group,,,,,,,,,
CryptoExperts SAS,ABC4Trust,,General Member,,,,,,,,,
International Identity Law and Policy Workshop,Report: International Law and Policy,,Author,,,,,,,,,
OpenID Connect Core 1.0,AB/Connect Working Group,,,,,,,,,,,
Blockchain Working Group,Trust in Digital Life,,Organization for Group,,,,,,,,,
Microsoft France,Trust in Digital Life,,General Member,,,,,,,,,
Verizon,Identity Law & Policy Workshop Amsterdam,,Sponsor,,,,,,,,,
Web of Things Interest Group,W3C,,Organization for Group,,,,,,,,,
OpenID Connect Session Management 1.0,AB/Connect Working Group,,Specification of Group,,,,,,,,,
Digidentity,Identity Law & Policy Workshop Amsterdam,,Sponsor,,,,,,,,,
JSON Web Signature,IETF,,Organization for Group,,,,,,,,,
Identity of Things Discussion Group,Kantara,,Organization for Group,,,,,,,,,
Fundamentals of Collective Adaptive Systems FoCAS,FoCAS Manifesto,,,,,,,,,,,
SMTP,Network Working Group,,Organization for Group,,,,,,,,,
ICAO,Machine Readable Travel Documents WG3,,Organization for Group,,,,,,,,,
7th Framework Programme,e-SENS   Electronic Simple European Networked Services,,Funding Flow,,,,,,,,,
Domenico Catalano,Oracle,,Employee,,,,,,,,,
Directorate-General for Informatics (DIGIT),eInvoicing,Technical Management,Government Connection,,,,,,,,,
Kantara,The Internet Technical Advisory Committee,,General Member,,,,,,,,,
The Verifiable Claims Task Force,W3C,,Organization for Group,,,,,,,,,
EEMA,CEN/ETSI (European Committee for Standardization/European Telecommunications Standards Institute),,Collaboration Partner / Affiliate,,,,,,,,,
Web Payments Working Group,Web Payment Activity,,Organization for Group,,,,,,,,,
Future of Identity in the Information Society (FIDIS),Privacy and the legal-social content of identity,,Author,,,,,,,,,
Callcredit Information Group,OIX-UK,,General Member,,,,,,,,,
e-Government Core Vocabularies,Handbook for using the Core Vocabularies,,Author,,,,,,,,,
Trustable Ltd.,Digital Signature Services (DSS) TC,,Founder,,,,,,,,,
CEF Building Blocks / CEF Digital Portal,eDelivery,,Government Connection,,,,,,,,,
Mike Jones,OpenID Connect Discovery 1.0,,Author,,,,,,,,,
John Bradley,MODRNA Discovery,,Author,,,,,,,,,
Miracle A/S,ABC4Trust,,General Member,,,,,,,,,
OAuth 2.0 Form Post Response Mode,AB/Connect Working Group,,Specification of Group,,,,,,,,,
Information Commissioner’s Office,The International Conference of Data Protection and Privacy Commissioners,,General Member,,,,,,,,,
Gemalto,Trust in Digital Life,,General Member,,,,,,,,,
Identification cards – Machine readable travel documents – Part 2: Machine readable visasInformation technology – Open terminal architecture (OTA) specification – Virtual machine specification (20060),Integrated Circuit Cards with Contacts WG4,,Specification of Group,,,,,,,,,
Connecting Europe Facility CEF  Telecom Expert Group,CEF Telecom Expert Group Meeting - Summary Report,,Author,,,,,,,,,
Online Identity,Privacy and Identity,,Specification of Group,,,,,,,,,
Thomas Hardjono,SAML - Security Assertion Markup Language,,Chair / Vice Chair,,,,,,,,,
Fast Federation,OpenID Foundation,,Organization for Group,,,,,,,,,
Thomas Hardjono,Group Security Research Group,,Chair / Vice Chair,,,,,,,,,
Anoop Saxena,Intuit,,Employee,,,,,,,,,
Pam Dingle,Ping Identity,,Employee,,,,,,,,,
comsign,OIX-UK,,General Member,,,,,,,,,
Cross-Enterprise Security and Privacy Authorization (XSPA),OASIS,,Organization for Group,,,,,,,,,
RISC,OpenID Foundation,,Organization for Group,,,,,,,,,
White House - Office of Science and Technology Policy,Consumer Data Privacy in a Networked World,,Author,,,,,,,,,
Adam Cooper,iGov Working Group,,Chair / Vice Chair,,,,,,,,,
Justin Richer,OAuth Dynamic Client Registration Management (RFC7592),,Author,,,,,,,,,
Canadian Internet Registration Authority (CIRA),The Internet Technical Advisory Committee,,General Member,,,,,,,,,
Computer Science and Telecommunications Board; Division on Engineering and Physical Sciences; National Research Council,At the Nexus of Cybersecurity and Public Policy: Some Basic Concepts and Issues,,Author,,,,,,,,,
CEF Building Blocks / CEF Digital Portal,eID,,Government Connection,,,,,,,,,
Digitizing European Industry,The Fourth Industrial Revolution,,Government Connection,,,,,,,,,
"ATIS   The Alliance for Telecommunications Industry Solutions, USA",Global Standards Collaboration,,General Member,,,,,,,,,
IEEE Internet of Things,IEEE IoT Scenarios,,Organization for Group,,,,,,,,,
eServices,Secure Identity Alliance,,Organization for Group,,,,,,,,,
Directorate-General for Informatics (DIGIT),eID,Technical Management,Government Connection,,,,,,,,,
European Commission,eIDAS,,Author,,,,,,,,,
Tony Nadalin,Identity in the Cloud,,Chair / Vice Chair,,,,,,,,,
B. Campbell,OpenID Connect Front-Channel Logout 1.0,,Author,,,,,,,,,
Digital Catapult,Consent and Information Sharing Working  Group,,Connection,,,,,,,,,
GAIA Global Access to the Internet for All Research Group,Internet Research Task Force IRTF,,Organization for Group,,,,,,,,,
Mike Jones,OpenID Connect Federation 1.0,,Author,,,,,,,,,
Internet Research Task Force IRTF,IETF,,Organization for Group,,,,,,,,,
Digital Catapult,OIX-UK,,General Member,,,,,,,,,
Chair of Mobile Business & Multilateral Security,ABC4Trust,,General Member,,,,,,,,,
Microsoft Belgium NV,ABC4Trust,,General Member,,,,,,,,,
National Strategy for Trusted Identities in Cyberspace (NSTIC) - National Program Office,National Institute of Standards (NIST),,Government Connection,,,,,,,,,
Internet Society ISOC,NDSS Symposium Network and Distributed System Security Symposium 2017,,Convenor,,,,,,,,,
Uniform Law Commission,United States Government,,Government Connection,,,,,,,,,
IBM Research - Zurich,ABC4Trust,,General Member,,,,,,,,,
CEF Building Blocks / CEF Digital Portal,eHealth Digital Service Infrastructure,,Government Connection,,,,,,,,,
Gershon Janssen,Identity in the Cloud,,Person Affiliated,,,,,,,,,
Electronic Verification of Vital Events (EVVE),National Association for Public Health Statistics and Information Systems,,Organization for Group,,,,,,,,,
Open PEPPOL,eInvoicing,,Connection,,,,,,,,,
Future of Identity in the Information Society (FIDIS),Forensic Implications,,Author,,,,,,,,,
Goethe University: Frankfurt,Trust in Digital Life,,General Member,,,,,,,,,
MODRNA Authentication Profile,MONDRNA,,Specification of Group,,,,,,,,,
Online Identity,Understanding your Online Identity Protecting Your Privacy,,Author,,,,,,,,,
Association Française pour le Nommage Internet en Coopération (AFNIC),The Internet Technical Advisory Committee,,General Member,,,,,,,,,
Aadhaar - Unique Identification Authority of India UIDAI,Indian Government,,Government Connection,,,,,,,,,
Anoop Saxena,Financial API Working Group,,Chair / Vice Chair,,,,,,,,,
XRI Data Interchange (XDI) TC,OASIS,,Organization for Group,,,,,,,,,
Australia,Office of the Australian Information Commissioner,,Government Connection,,,,,,,,,
Consent Receipt Specification,Canadian Submission on Behalf of CISWG,,Author,,,,,,,,,
Digitizing European Industry,Communication: ICT Standardisation Priorities for the Digital Single Market,,Author,,,,,,,,,
Intel,Trust in Digital Life,,General Member,,,,,,,,,
Thomas Hardjono,User Managed Access,,Person Affiliated,,,,,,,,,
Vyjayanti Desai,ID4D,,Chair / Vice Chair,,,,,,,,,
IEEE Computer Society,IEEE Smart Cities,,Organization for Group,,,,,,,,,
ICAO,United Nations,,,,,,,,,,,
Anthony Nadalin,Microsoft,,Employee,,,,,,,,,
European Commission,Cybersecurity and Digital Privacy European Commission,,Government Connection,,,,,,,,,
Working Party on Security and Privacy in the Digital Economy (WPSDE),The Economics of Personal Data and Privacy: 30 Years after the OECD Privacy Guidelines,,Convenor,,,,,,,,,
University of Twente,Trust in Digital Life,,General Member,,,,,,,,,
ISO/IEC,Global Standards Collaboration,,General Member,,,,,,,,,
university Trier,Chair for Information Security and Cryptography at the University of Trier,,Organization for Group,,,,,,,,,
Future of Identity in the Information Society (FIDIS),ELSA,,Connection,,,,,,,,,
eIDAS,Future Trust,,Government Connection,,,,,,,,,
SCIM - System for Cross-domain Identity Management,IETF,,Organization for Group,,,,,,,,,
Veridos,Secure Identity Alliance,,Executive Member,,,,,,,,,
Chair of Mobile Business & Multilateral Security,Annual Privacy Forum,,Convenor,,,,,,,,,
Health Relationship Trust Profile for Fast Healthcare Interoperability Resources (FHIR) OAuth 2.0 Scopes,HEART Working Group,,Specification of Group,,,,,,,,,
scytl,VoteID 2015,,Sponsor,,,,,,,,,
European Data Protection Supervisor (Contrôleur européen de la protection des données),The International Conference of Data Protection and Privacy Commissioners,,General Member,,,,,,,,,
eID,Discover eID,,Author,,,,,,,,,
Dick Hardt,Amazon,,Employee,,,,,,,,,
Continuity and Organizational Resilience WG2,ISO/TC 292 Security and Resilience,,Organization for Group,,,,,,,,,
7th Framework Programme,Open PEPPOL,,,,,,,,,,,
ID4D,Secure Identity Alliance,,Organization for Group,,,,,,,,,
Open Identity Exchange,Identity Law & Policy Workshop Amsterdam,,Convenor,,,,,,,,,
International Electrotechnical Commission (IEC),The Internet Technical Advisory Committee,,General Member,,,,,,,,,
John Bradley,OpenID Connect Federation 1.0,,Author,,,,,,,,,
OAuth Dynamic Client Registration Management (RFC7592),OAuth WG,,Specification of Group,,,,,,,,,
The Tracking Protection Working Group,W3C,,Organization for Group,,,,,,,,,
Federal Trade Commission,United States Government,,Government Connection,,,,,,,,,
Jericho Forum,Open Group,,Organization for Group,,,,,,,,,
The Federal Office of Administration (BVA),German Government,,Government Connection,,,,,,,,,
Identity Assurance Working Group,Kantara,,Organization for Group,,,,,,,,,
Horizon 2020,WISER Wide-Impact cyber Security Risk framework,,Funding Flow,,,,,,,,,
Web Application Security Working Group,W3C,,Organization for Group,,,,,,,,,
European Commission,Digital Single Market,,Government Connection,,,,,,,,,
Daniela Merella,SSEDIC - Scoping the Single European Digital Identity Community,,Chair / Vice Chair,,She is the project coordinator.,,,,,,,
M. Scurtescu,OAuth 2.0 Multiple Response Type Encoding Practices,,Author,,,,,,,,,
European Data Protection Supervisor (Contrôleur européen de la protection des données),Annual Privacy Forum,,Sponsor,,,,,,,,,
OAuth 2.0 Multiple Response Type Encoding Practices,AB/Connect Working Group,,Specification of Group,,,,,,,,,
Adam Cooper,UK  Cabinet Office,,Employee,,,,,,,,,
Online Identity Tutorials,Privacy and Identity,,Specification of Group,,,,,,,,,
Privacy Interest Group  PING,W3C,,Organization for Group,,,,,,,,,
Internet Research Task Force IRTF,SDNRG Software-Defined Networking Research Group,,,,,,,,,,,
Digitizing European Industry,Communication: EU eGovernment Action Plan 2016-2020 - Accelerating the digital transformation of government,,Author,,,,,,,,,
eGov Working Group,iGov Working Group,,Connection,,,,,,,,,
Thomas J. Smedinghoff,Report: International Law and Policy,,Author,,,,,,,,,
Internet Architecture Board (IAB),The Internet Technical Advisory Committee,,General Member,,,,,,,,,
Future of Identity in the Information Society (FIDIS),Identity of Identity,,Author,,,,,,,,,
Native Applications Working Group,OpenID Foundation,,Organization for Group,,,,,,,,,
Computer Science and Telecommunications Board; Division on Engineering and Physical Sciences; National Research Council,"Toward Better Usability, Security, and Privacy of Information Technology",,Author,,,,,,,,,
FIDO 2.0: Key Attestation Format,Web Authentication,,Organization for Group,,,,,,,,,
eIDAS,ISSE Information Security Solutions Europe,,Connection,,,,,,,,,
SAML - Security Assertion Markup Language,OASIS,,Organization for Group,,,,,,,,,
Computer Technology Institute & Press - DIOPHANTUS,ABC4Trust,,General Member,,,,,,,,,
Nat Sakimura,OpenID Connect Dynamic Client Registration 1.0,,Author,,,,,,,,,
Corvinas University of Budapest  (CUB),Trust in Digital Life,,General Member,,,,,,,,,
Radboud University Nijmegen (RU) - Digital Security,Identity and Privacy Lab  (PI.lab),,Organization for Group,,,,,,,,,
Verizon,Trust in Digital Life,,General Member,,,,,,,,,
OpenID Connect Account Migration,MONDRNA,,Specification of Group,,,,,,,,,
international Association for Cryptologic Research,20th International Conference on  Practice and Theory of Public-Key Cryptography,,Convenor,,,,,,,,,
Dale Olds,confyrm,,Employee,,,,,,,,,
Computer Science and Telecommunications Board; Division on Engineering and Physical Sciences; National Research Council,Who Goes There?:  Authentication Through the Lens of Privacy,,Author,,,,,,,,,
Computer Science and Telecommunications Board; Division on Engineering and Physical Sciences; National Research Council,"Summary of a Workshop on the Technology, Policy, and Cultural Dimensions of Biometric Systems",,Author,,,,,,,,,
Maciej Machulak,User Managed Access,,Chair / Vice Chair,,,,,,,,,
Identification cards-Integrated circuit cards-Programming interfaces (24727),Integrated Circuit Cards with Contacts WG4,,Specification of Group,,,,,,,,,
Horizon 2020,LIGHTEST,,Funding Flow,,,,,,,,,
enisa European Network and Information Security Agency,European Union,,Government Connection,,,,,,,,,
Gemalto,Secure Identity Alliance,,Executive Member,,,,,,,,,
ACE - Authentication and Authorization of Constrained Environments,IETF,,Organization for Group,,,,,,,,,
United States Government,Computer Science and Telecommunications Board; Division on Engineering and Physical Sciences; National Research Council,,Funding Flow,,,,,,,,,
EEMA,Future Trust,,General Member,,,,,,,,,
FutureID,LIGHTEST,,Connection,,,,,,,,,
Bob West,Global Identity Foundation,,Executive Member,,,,,,,,,
Justin Richer,OAuth Dynamic Client Registration (RFC7591),,Author,,,,,,,,,
Financial Transaction Cards 4909,Financial Transaction Cards WG7,,Specification of Group,,,,,,,,,
Platform Identity Management Nederland (PIMN),Identity Law & Policy Workshop Amsterdam,,Sponsor,,,,,,,,,
New Zealand,Privacy Commissioner (Te Mana Matapono Matatapu),,,,,,,,,,,
ELSA,epSOS,,Connection,,,,,,,,,
7th Framework Programme,FastPass,,Funding Flow,,,,,,,,,
World Bank,International Identity Law and Policy Workshop,,Sponsor,,,,,,,,,
Ministry of Interior Republic of Serbia,Government of Serbia,,Government Connection,,,,,,,,,
IEEE Computer Society,IEEE SecDev 2016,,Convenor,,,,,,,,,
Open Signature Initiative,European Trust Foundation,,Executive Member,,,,,,,,,
Mike Jones,OAuth 2.0 Form Post Response Mode,,Author,,,,,,,,,
Chuck Mortimore,OpenID Connect Core 1.0,,Author,,,,,,,,,
"International Working Group on Data Protection in Telecommunications (IWGDPT) ""The Berlin Group""",Working Paper: Update on Privacy and Security Issues in Internet Telephony (VoIP) and Related Communication Technologies,,Author,,,,,,,,,
TNO,Identity and Privacy Lab  (PI.lab),,Organization for Group,,,,,,,,,
"International Working Group on Data Protection in Telecommunications (IWGDPT) ""The Berlin Group""",Working Paper Privacy by Design and Smart Metering: Minimize Personal Information to Maintain Privacy,,Author,,,,,,,,,
Tim Bray,Google,,Employee,,,,,,,,,
Paul Grassi,National Strategy for Trusted Identities in Cyberspace (NSTIC) - National Program Office,,Employee,,,,,,,,,
IBM Research - Zurich,Trust in Digital Life,,General Member,,,,,,,,,
EXPAND,eHealth Digital Service Infrastructure,,Connection,,,,,,,,,
Symantec,OIX-UK,,Executive Member,,,,,,,,,
Number Resource Organization (NRO),The Internet Technical Advisory Committee,,General Member,,,,,,,,,
European Commission,ISA2 Interoperability Solutions for European Public Administrators,,Government Connection,,,,,,,,,
Altus Busines Systems,OIX-UK,,General Member,,,,,,,,,
N. Agarwal,OpenID Connect Session Management 1.0,,Author,,,,,,,,,
European Union,European Commission,,Connection,,,,,,,,,
PwC,Future Trust,,General Member,,,,,,,,,
EAP ACR Values,Enhanced Authentication Profile Working Group,,Specification of Group,,,,,,,,,
Maciej Machulak,UMA Profile of OAuth 2.o,,Author,,,,,,,,,
eBorders,Secure Identity Alliance,,Organization for Group,,,,,,,,,
Privacy Management Reference Model,OASIS,,Organization for Group,,,,,,,,,
Digital Signature Services (DSS) TC,OASIS,,Organization for Group,,,,,,,,,
berlin Commissioner for Data Protection and Freedom of Information,The International Conference of Data Protection and Privacy Commissioners,,General Member,,,,,,,,,
Government Digital Service,UK Government,,Government Connection,,,,,,,,,
eIDAS,CEF Building Blocks / CEF Digital Portal,,Government Connection,,,,,,,,,
The Internet Technical Advisory Committee,OECD (The Organisation for Economic Co-operation and Development),,Organization for Group,,,,,,,,,
Rebecka Gulliksson,OpenID Connect Federation 1.0,,Author,,,,,,,,,
Online Identity,Understanding your Online Identity Learning to Protect your Identity,,Author,,,,,,,,,
DoNotTrack.Us,Do Not Track: A Universal Third-Party Web Tracking Opt Out,,Similar Efforts/Projects/Work,,,,,,,,,
"ATIS   The Alliance for Telecommunications Industry Solutions, USA",3rd Generation Partnership Project (3GPP),,Executive Member,,,,,,,,,
Internet Research Task Force IRTF,HRPC Human Rights Protocol Considerations Research Group,,Organization for Group,,,,,,,,,
Enhanced Authentication Profile Working Group,OpenID Foundation,,Organization for Group,,,,,,,,,
Don Thibeau,Identity in the Cloud,,Person Affiliated,,,,,,,,,
Privacy Considerations for Web Protocols,Privacy Considerations for Internet Protocols,,Connection,,,,,,,,,
Semantic Interoperability Community (SEMIC),e-Government Core Vocabularies,,Organization for Group,,,,,,,,,
"International Working Group on Data Protection in Telecommunications (IWGDPT) ""The Berlin Group""",Working Paper on Location Tracking from Communications of Mobile Devices,,Author,,,,,,,,,
Records and Information from DMVs for E-Verify (RIDE),American Association of Motor Vehicle Administrators,,,,,,,,,,,
Linux Foundation,HyperLedger,,,,,,,,,,,
Social Security Online Verification (SSOLV),American Association of Motor Vehicle Administrators,,Organization for Group,,,,,,,,,
Connecting Europe Facility,CEF Energy,,Government Connection,,,,,,,,,
Health Relationship Trust Profile for OAuth 2.0,HEART Working Group,,Specification of Group,,,,,,,,,
Platform Identity Management Nederland (PIMN),European Trust Foundation,,Executive Member,,,,,,,,,
The Secure Information Technology Center – Austria (A-SIT),Future Trust,,General Member,,,,,,,,,
Service Function Chaining  (sfc),IETF,,Organization for Group,,,,,,,,,
Don Thibeau,OpenID Foundation,,Chair / Vice Chair,,,,,,,,,
PayPal,OIX-UK,,Executive Member,,,,,,,,,
The Internet Technical Advisory Committee,OECD Committee on Digital Economy Policy,,Connection,,,,,,,,,
"TTC  Telecommunication Technology Committee, Japan",3rd Generation Partnership Project (3GPP),,Executive Member,,,,,,,,,
Fraunhofer Group for Defense and Security VVS,Future Security: Security Research Conference,,Convenor,,,,,,,,,
7th Framework Programme,ABC4Trust,,Funding Flow,,,,,,,,,
Electronic Identity Credential Trust Elevation Methods (Trust Elevation) TC,OASIS,,Organization for Group,,,,,,,,,
VoteID 2015,e-Voting and Identity,,Author,,,,,,,,,
Information technology – Personal identification – ISO- compliant driving license (18013),Motor Vehicle Drivers Licence and Related Documents WG10,,Specification of Group,,,,,,,,,
Anthony Nadalin,Financial API Working Group,,Chair / Vice Chair,,,,,,,,,
Tracking Preference Expression (DNT),The Tracking Protection Working Group,,Specification of Group,,,,,,,,,
Communication: EU eGovernment Action Plan 2016-2020 - Accelerating the digital transformation of government,eIDAS,,Connection,,,,,,,,,
Microsoft,OIX-UK,,Executive Member,,,,,,,,,
B. de Medeiros,Google,,Employee,,,,,,,,,
Chuck Mortimore,Salesforce,,Employee,,,,,,,,,
J. Connotte,Deutsche Telekom,,Employee,,,,,,,,,
OAuth Token Introspection (RFC7662),OAuth WG,,Specification of Group,,,,,,,,,
7th Framework Programme,SSEDIC - Scoping the Single European Digital Identity Community,,Funding Flow,,,,,,,,,
B. Hjelm,MODRNA Registration,,Author,,,,,,,,,
Trust Elevation TC,OASIS,,Organization for Group,,,,,,,,,
CBOR Object Signing and Encryption (COSE),IETF,,Organization for Group,,,,,,,,,
Identity Event Subscription Protocol,IETF,,Organization for Group,,,,,,,,,
Consent Receipt Specification,Usable Consents: Tracking and Managing Use of Personal Data With a Consent Transaction Receipt,,Author,,,,,,,,,
enisa European Network and Information Security Agency,ISSE Information Security Solutions Europe,,Sponsor,,,,,,,,,
SDNRG Software-Defined Networking Research Group,ETSI  The European Telecommunications Standards Institute,,Connection,,,,,,,,,
"International Working Group on Data Protection in Telecommunications (IWGDPT) ""The Berlin Group""","Working Paper and Recommendations on the Publication of Personal Data on the Web, Website Contents Indexing and the Protection of Privacy",,Author,,,,,,,,,
American Association of Motor Vehicle Administrators,Electronic Verification of Vital Events (EVVE),,Customer of Service / Company,,,,,,,,,
Digital Authentication Guideline,National Institute of Standards (NIST),,Organization for Group,,,,,,,,,
Thomas Hardjono,Kerberos Consortium,,Employee,,,,,,,,,
Steve Moyle,Global Identity Foundation,,Executive Member,,,,,,,,,
FIDO 2.0: Web API for accessing FIDO 2.0 credentials,FIDO Alliance,,Organization for Group,,,,,,,,,
LSEC – Leaders In Security,European Trust Foundation,,Executive Member,,,,,,,,,
Cryptography and Security Mechanisms WG2,ISO/IEC JTC 1 / SC27 IT Security Techniques,,Organization for Group,,,,,,,,,
Eve Maler,Blockchain and Smart Contracts Discussion Group,,Person Affiliated,,,,,,,,,
Nat Sakimura,OpenID Connect Session Management 1.0,,Author,,,,,,,,,
ETSI  The European Telecommunications Standards Institute,Global Standards Collaboration,,General Member,,,,,,,,,
IEEE Technical Committee on Security and Privacy,2nd IEEE European Symposium on Security and Privacy,,Convenor,,,,,,,,,
Multicast Security (MSEC),IETF,,Organization for Group,,,,,,,,,
Internet Architecture Board (IAB),IETF,,Organization for Group,,,,,,,,,
Identification cards – Thin flexible cards (15457),Physical Characteristics and Test Methods WG1,,Specification of Group,,,,,,,,,
OWL,W3C,,Organization for Group,,,,,,,,,
B. de Medeiros,OAuth 2.0 Multiple Response Type Encoding Practices,,Author,,,,,,,,,
FutureID,Future ID Presenation,,Author,,,,,,,,,
D. Salama,Google,,Employee,,,,,,,,,
SSEDIC.2020 - Scoping the Single European Digital Identity Community for the next decade,European Trust Foundation,,Executive Member,,,,,,,,,
Mike Jones,Microsoft,,Employee,,,,,,,,,
IESG -  Internet Engineering Steering Group,Internet Research Task Force IRTF,,Connection,,,,,,,,,
Chair of Mobile Business & Multilateral Security,Goethe University: Frankfurt,,Organization for Group,,,,,,,,,
Maciej Machulak,Synergetics,,Employee,,,,,,,,,
The ID Co.,Trust in Digital Life,,General Member,,,,,,,,,
eID,eIDAS-Node,,,,,,,,,,,
"International Working Group on Data Protection in Telecommunications (IWGDPT) ""The Berlin Group""",berlin Commissioner for Data Protection and Freedom of Information,,Organization for Group,,,,,,,,,
RADIUS - Remote Authentication Dial In User Service,Network Working Group,,Organization for Group,,,,,,,,,
Kyla Reid,Digital Identity Programme,,Chair / Vice Chair,,,,,,,,,
Web Authentication,W3C,,Organization for Group,,,,,,,,,
Economy & Society,Digitizing European Industry,,Government Connection,,,,,,,,,
"DG Connect European Commission's Directorate General for Communications Networks, Content & Technology",eID,Implementation of the EU Policy,Government Connection,,,,,,,,,
Secure Identity Alliance,Digital Identity: Towards Shared Principles for Public and Private Sector Cooperation A joint World Bank Group – GSMA – Secure Identity Alliance Discussion Paper,,Author,,,,,,,,,
Personal Data,GSMA,,Organization for Group,,,,,,,,,
U.S. Department of Health and Human Services,US National Information Exchange Model,,Sponsor,,,,,,,,,
NWCRG Network Coding Research Group,Internet Research Task Force IRTF,,Organization for Group,,,,,,,,,
Token Bound Authentication,OpenID Connect Core 1.0,,Connection,,,,,,,,,
Thomas Hardjono,Identity in the Cloud,,Person Affiliated,,,,,,,,,
Tim Bray,OpenID AccountChooser Basic API Profile 1.0,,Author,,,,,,,,,
Biometrics WG11,ISO/IEC JTC1/SC17,,Organization for Group,,,,,,,,,
ISO/IEC JTC 1/SC 37 Biometrics,ISO/IEC,,Organization for Group,,,,,,,,,
Hannes Tschofenig,Privacy Considerations for Web Protocols,,Author,,,,,,,,,
International Electrotechnical Commission (IEC),Global Standards Collaboration,,General Member,,,,,,,,,
Privacy Commissioner (Te Mana Matapono Matatapu),The International Conference of Data Protection and Privacy Commissioners,,General Member,,,,,,,,,
enisa European Network and Information Security Agency,Annual Privacy Forum,,Convenor,,,,,,,,,
Phil Hunt,OpenID Connect Profile for SCIM Services,,Author,,,,,,,,,
XACML,OASIS,,Organization for Group,,,,,,,,,
ITU-T  International Telecommunication Union,EEMA,,Collaboration Partner / Affiliate,,,,,,,,,
"International Working Group on Data Protection in Telecommunications (IWGDPT) ""The Berlin Group""",web paymentsReport and Guidance on Road Pricing - ”Sofia Memorandum”,,Author,,,,,,,,,
US Citizenship and Immigration Services,USCIS US Citizenship and Immigration Services - Department of Homeland Security,,Government Connection,,,,,,,,,
The Federal Office of Administration (BVA),Future Trust,,,,,,,,,,,
National Strategy for Trusted Identities in Cyberspace (NSTIC) - National Program Office,Identity Ecosystem Steering Group,,Sponsor,,,,,,,,,
University of Karlstad,"Department of Computer Science, Privacy and Security Group.",,Organization for Group,,,,,,,,,
Identity Management and Privacy Technologies WG5,ISO/IEC JTC 1 / SC27 IT Security Techniques,,Organization for Group,,,,,,,,,
David Singer,Apple,,Employee,,,,,,,,,
Nat Sakimura,Financial API Working Group,,Chair / Vice Chair,,,,,,,,,
Central Bank of Austria,The Secure Information Technology Center – Austria (A-SIT),,Funding Flow,,,,,,,,,
"Israeli Law, Information and Technology Authority",The Evolving Role of the Individual in Privacy Protection: 30 Years after the OECD Privacy Guidelines,,Convenor,,,,,,,,,
John Bradley,OpenID Connect Dynamic Client Registration 1.0,,Author,,,,,,,,,
Future of Identity in the Information Society (FIDIS),Interoperability of Identities and Identity Management Systems,,Author,,,,,,,,,
CEF Building Blocks / CEF Digital Portal,eInvoicing,,Government Connection,,,,,,,,,
Global Identity Foundation,Why Identity 3.0?,,Author,,,,,,,,,
IEEE Internet of Things,Intl Workshop on Secure IoT (SIOT 2016),,Convenor,,,,,,,,,
Identity Verification Project,North American Security Products Organization,,Organization for Group,,,,,,,,,
Google,OIX-UK,,Executive Member,,,,,,,,,
National Strategy for Trusted Identities in Cyberspace,National Strategy for Trusted Identities in Cyberspace (NSTIC) - National Program Office,,Connection,,,,,,,,,
Horizon 2020,WITDOM (empoWering prIvacy and securiTy in non-trusteD envirOnMents),,Funding Flow,,,,,,,,,
ICCRG Internet Congestion Control Research Group,Internet Research Task Force IRTF,,Organization for Group,,,,,,,,,
Social Security Administration,United States Government,,Government Connection,,,,,,,,,
John Bradley,MODRNA Authentication Profile,,Author,,,,,,,,,
EFF,Privacy Badger,,Organization for Group,,,,,,,,,
Token Bound Authentication,Enhanced Authentication Profile Working Group,,Specification of Group,,,,,,,,,
John Bradley,MODRNA Registration,,Author,,,,,,,,,
Cogito Group,OIX-UK,,General Member,,,,,,,,,
Contactless Integrated Circuit(s) cards WG8,ISO/IEC JTC1/SC17,,Organization for Group,,,,,,,,,
"International Working Group on Data Protection in Telecommunications (IWGDPT) ""The Berlin Group""",Working Paper on Big Data and Privacy Privacy principles under pressure in the age of Big Data analytics,,Author,,,,,,,,,
Horizon 2020,Future Trust,,Funding Flow,,,,,,,,,
Pam Dingle,AccountChooser Integration API Profile 1.0,,Author,,,,,,,,,
TF UN Cooperation AHG2,ISO/TC 292 Security and Resilience,,Organization for Group,,,,,,,,,
Chair of Mobile Business & Multilateral Security,Goethe University: Frankfurt,,,,,,,,,,,
John Bradley,OpenID Connect Discovery 1.0,,,,,,,,,,,
FIDO 2.0: Signature format,FIDO Alliance,,Organization for Group,,,,,,,,,
LexisNexis,OIX-UK,,Executive Member,,,,,,,,,
Hannes Tschofenig,Privacy Considerations for Internet Protocols,,Author,,,,,,,,,
ELSA,SSEDIC - Scoping the Single European Digital Identity Community,,Connection,,,,,,,,,
Privacy Considerations for Internet Protocols,HRPC Human Rights Protocol Considerations Research Group,,Connection,,,,,,,,,
ITU-T  International Telecommunication Union,Global Standards Collaboration,,General Member,,,,,,,,,
Mobile Connect Initiative,Personal Data,,Organization for Group,,,,,,,,,
USCIS US Citizenship and Immigration Services - Department of Homeland Security,Department of Homeland Security,,Government Connection,,,,,,,,,
"Tilburg Institute of Law, Technology, and Society (TILT)",Identity and Privacy Lab  (PI.lab),,Organization for Group,,,,,,,,,
SAP,Trust in Digital Life,,General Member,,,,,,,,,
Web Crypto API,W3C,,Organization for Group,,,,,,,,,
"Tilburg Institute of Law, Technology, and Society (TILT)","How Data Portability in Big Data affects Individuals, Innovation and Competition",,Funding Flow,,,,,,,,,
"International Working Group on Data Protection in Telecommunications (IWGDPT) ""The Berlin Group""",Working Paper on Privacy and Electronic Micropayment on the Internet,,Author,,,,,,,,,
The Federal Computing Centre of Austria – Bundesrechenzentrum (BRZ),The Secure Information Technology Center – Austria (A-SIT),,Funding Flow,,,,,,,,,
DSS - XSD supporting ITU-T X.509 certificate version 3 rules in the eIDAS trusted list,eIDAS-Node,,,,,,,,,,,
UK  Cabinet Office,Government Digital Service,,Connection,,,,,,,,,
Mobile Connect Initiative,MONDRNA,,Connection,,,,,,,,,
R. Hedberg,OpenID Connect Federation 1.0,,Author,,,,,,,,,
Terminology WG1,ISO/TC 292 Security and Resilience,,Organization for Group,,,,,,,,,
Don Thibeau,Open Identity Exchange,,Chair / Vice Chair,,,,,,,,,
Royal Mail,GOV.UK Verify,,Certified IdP,,,,,,,,,
Web Payments Interest Group,Web Payment Activity,,Organization for Group,,,,,,,,,
7th Framework Programme,MobilePass,,Funding Flow,,,,,,,,,
ICNRG Information-Centric Networking Research Group,Internet Research Task Force IRTF,,Organization for Group,,,,,,,,,
Computer Science and Telecommunications Board; Division on Engineering and Physical Sciences; National Research Council,Biometric Recognition: Challenges and Opportunities,,Author,,,,,,,,,
Identity Law & Policy Workshop Amsterdam,International Identity Law and Policy Workshop,,Similar Efforts/Projects/Work,,,,,,,,,
CCSA  China Communications Standards Association,3rd Generation Partnership Project (3GPP),,Executive Member,,,,,,,,,
European Commission,ePrivacy Directive,,Author,,,,,,,,,
OAuth WG,IETF,,Organization for Group,,,,,,,,,
ESIF: Emergency Services Interconnection Forum,"ATIS   The Alliance for Telecommunications Industry Solutions, USA",,Organization for Group,,,,,,,,,
Innovate UK,Digital Catapult,,Connection,,,,,,,,,
Mike Jones,OAuth 2.0 Multiple Response Type Encoding Practices,,Author,,,,,,,,,
B. Campbell,Token Bound Authentication,,Author,,,,,,,,,
Rebecka Gulliksson,UmU,,Employee,,,,,,,,,
international Association for Cryptologic Research,AsiaCrypt,,Convenor,,,,,,,,,
Horizon 2020,CREDENTIAL,,Funding Flow,,,,,,,,,
IEEE Computer Society,IEEE Standards Organization,,Organization for Group,,,,,,,,,
Dale Olds,VMWare,,Employee,,,,,,,,,
ISA2 Interoperability Solutions for European Public Administrators,National Interoperability Framework Observatory (NIFO),,Government Connection,,,,,,,,,
Privacy by Design Documentation for Software Engineers (PbD-SE) TC,OASIS,,Organization for Group,,,,,,,,,
IDTrust Member Section,OASIS,,Organization for Group,,,,,,,,,
Access IS,Document Security Alliance,,General Member,,,,,,,,,
Mike Jones,OpenID Connect Dynamic Client Registration 1.0,,Author,,,,,,,,,
European Commission,Data protection Directive,,Author,,,,,,,,,
"International Working Group on Data Protection in Telecommunications (IWGDPT) ""The Berlin Group""",Working Paper Event Data Recorders (EDR) on Vehicles Privacy and data protection issues for governments and manufacturers,,Author,,,,,,,,,
Experian,GOV.UK Verify,,Certified IdP,,,,,,,,,
The Institute for Law and the Web at the University of Southampton (ILAWS),Future Trust,,General Member,,,,,,,,,
Web Security Interest Group,W3C,,Organization for Group,,,,,,,,,
Equifax,OIX-UK,,Executive Member,,,,,,,,,
"International Working Group on Data Protection in Telecommunications (IWGDPT) ""The Berlin Group""",The Granada Charter of Privacy in a Digital World,,Author,,,,,,,,,
OpenID Connect Front-Channel Logout 1.0,AB/Connect Working Group,,Specification of Group,,,,,,,,,
Secure Identity,GOV.UK Verify,,Certified IdP,,,,,,,,,
Web Platform Working Group,W3C,,Organization for Group,,,,,,,,,
Internet Society ISOC,Privacy and Identity,,Organization for Group,,,,,,,,,
Issuer Identification Numbers (IINs) / Application Provider Identifiers (RIDs)  WG5,ISO/IEC JTC1/SC17,,Organization for Group,,,,,,,,,
Thomas Hardjono,Multicast Security (MSEC),,Chair / Vice Chair,,,,,,,,,
Mark Lizar,Consent and Information Sharing Working  Group,,Chair / Vice Chair,,,,,,,,,
SDNRG Software-Defined Networking Research Group,"ATIS   The Alliance for Telecommunications Industry Solutions, USA",,Connection,,,,,,,,,
IEEE Computer Society,The Internet Technical Advisory Committee,,General Member,,,,,,,,,
CASED (Center for Advanced Security Research Darmstadt),Trust in Digital Life,,General Member,,,,,,,,,
Microsoft Belgium NV,Microsoft,,Organization for Group,,,,,,,,,
Identification cards – Recording technique (7811),Physical Characteristics and Test Methods WG1,,Specification of Group,,,,,,,,,
Public Service Development Agency,Georgian Government,,Government Connection,,,,,,,,,
Josh Mandel,Harvard Medical School Department of Biomedical Informatics,,Employee,,,,,,,,,
Future Trust,European Trust Service Status List (TSL),,Organization for Group,,,,,,,,,
B. Campbell,Ping Identity,,Employee,,,,,,,,,
Horizon 2020,SSEDIC.2020 - Scoping the Single European Digital Identity Community for the next decade,,Funding Flow,,,,,,,,,
Blockchain and Smart Contracts Discussion Group,Kantara,,Organization for Group,,,,,,,,,
RIPE NCC - The Réseaux IP Européens Network Coordination Centre,Number Resource Organization (NRO),,General Member,,,,,,,,,
eGov Working Group,Kantara,,Organization for Group,,,,,,,,,
3rd Generation Partnership Project (3GPP),The Internet Technical Advisory Committee,,General Member,,,,,,,,,
MobilePass,Future Security: Security Research Conference,,,,MobilePass is presenting at the conference,,,,,,,
IDnext,Trust in Digital World,,Convenor,,"What is IDnext association?
The main mission of the IDnext association is to be an open and independent platform to support and facilitate innovative approaches in the world of the Digital identity, create awareness about the Digital Identity, provide a knowledge and networking platform for experts in IT, Business and Marketers as a European center of expertise, and to ensure that everyone connected with the association stays at the forefront of technology, services and business by supporting innovation and by stimulating and supporting knowledge exchange and collaboration.
IDnext provides a single point of entry for (leading) IT and Business professionals throughout Europe. IDnext can be your starting point to connect, collaborate and find specific information related to Digital Identity and acts a community.

IDnext disseminates knowledge and experience by organizing events, master classes and workshops. On a variety of themes, using expertise within the world of IT and Business, it is further an independent not-for-profit network organization. 

IDnext is a membership organization. Joining IDnext helps us to engage in (innovative) project/programmes, busines development and other type of actvitiies (e.g. events, workshops, masterclasses) to strengthen our mission in the world of digital identity.

Partnership

IDnextplatform is a partnership organization. Although you can participate without a paid partnership, joining helps us to engage in (innovative) project-programmes, business development and also organize events and workshops to strengthen our mission in the world of Digital Identity.",,,,,,,
Privacy Commissioner of Canada (Commissariat à la protection de la vie privée du Canada),The International Conference of Data Protection and Privacy Commissioners,,General Member,,,,,,,,,
B. de Medeiros,OpenID Connect Core 1.0,,Author,,,,,,,,,
Ping Identity,OIX-UK,,Executive Member,,,,,,,,,
The Federal Computing Centre of Austria – Bundesrechenzentrum (BRZ),Future Trust,,General Member,,,,,,,,,
Computer Science and Telecommunications Board; Division on Engineering and Physical Sciences; National Research Council,IDs -- Not That Easy:  Questions About Nationwide Identity Systems,,Author,,,,,,,,,
CloudAuthZ Cloud Authorization TC,OASIS,,Organization for Group,,,,,,,,,
ISO/TC 292 Security and Resilience,ISO/IEC,,Organization for Group,,,,,,,,,
SDNRG Software-Defined Networking Research Group,MEF,,Connection,,,,,,,,,
7th Framework Programme,FutureID,,Funding Flow,,,,,,,,,
Kyla Reid,Digital Identity Programme,,Employee,,,,,,,,,
Justice Ministry in Israel,Israeli Government,,Government Connection,,,,,,,,,
European Commission,7th Framework Programme,,Government Connection,,,,,,,,,
AB/Connect Working Group,OpenID Foundation,,Organization for Group,,,,,,,,,
e-CODEX,CEF Building Blocks / CEF Digital Portal,,Connection,,,,,,,,,
eInvoicing,eInvoicing Introduction,,Author,,,,,,,,,
DoNotTrack.Us,User Submitted Terms,,Similar Efforts/Projects/Work,,,,,,,,,
Connecting Europe Facility,CEF Transportation,,Government Connection,,,,,,,,,
Paul Simmonds,Global Identity Foundation,,Executive Member,,,,,,,,,
Web of Things Interest Group,Web of Things Community Group,,Connection,,,,,,,,,
Justin Richer,Health Relationship Trust Profile for User Managed Access 1.0,,Author,,,,,,,,,
ISO/IEC JTC1/SC17,ISO/IEC,,Organization for Group,,,,,,,,,
IEEE Technical Committee on Security and Privacy,IEEE SecDev 2016,,Sponsor,,,,,,,,,
Automomica,DNSSEC,,Author,,,,,,,,,
Identification cards – Machine readable travel documents – Part 2: Machine readable visas,Machine Readable Travel Documents WG3,,Specification of Group,,,,,,,,,
ISA2 Interoperability Solutions for European Public Administrators,Semantic Interoperability Community (SEMIC),,Government Connection,,,,,,,,,
Lawtrust,Future Trust,,General Member,,,,,,,,,
Electronic Identification Cards (7816),Integrated Circuit Cards with Contacts WG4,,Specification of Group,,,,,,,,,
IOC: International Mobile Subscriber Identity (IMSI) Oversight Council,"ATIS   The Alliance for Telecommunications Industry Solutions, USA",,Organization for Group,,,,,,,,,
P. Tarjan,Facebook,,Employee,,,,,,,,,
Online Identity,Understanding your Online Identity: An Overview of Identity,,Author,,,,,,,,,
Digital Signature Services eXtended (DSS-X) TC,OASIS,,Organization for Group,,,,,,,,,
Nat Sakimura,Nomura Research Institute,,Employee,,,,,,,,,
Mike Jones,OpenID Connect Session Management 1.0,,Author,,,,,,,,,
Identification cards – Identification of issuers (7812),Issuer Identification Numbers (IINs) / Application Provider Identifiers (RIDs)  WG5,,Specification of Group,,,,,,,,,
U.S. Department of Health and Human Services,United States Government,,Government Connection,,,,,,,,,
Edmund Jay,OpenID Connect Discovery 1.0,,Author,,,,,,,,,
Paul Grassi,iGov Working Group,,Chair / Vice Chair,,,,,,,,,
PCH - Packet Clearing House,DNSSEC,,Author,,,,,,,,,
DoNotTrack.Us,Center for Internet and Society,,Specification of Group,,,,,,,,,
Nominet,The Internet Technical Advisory Committee,,General Member,,,,,,,,,
Study Group 17,ITU-T  International Telecommunication Union,,Organization for Group,,,,,,,,,
B. Hjelm,Verizon,,Employee,,,,,,,,,
ecsec GmbH,Future Trust,,General Member,,,,,,,,,
UK  Cabinet Office,UK Government,,Government Connection,,,,,,,,,
Innovation and Networks Executive Agency,CEF Telecom,,Funding Flow,,,,,,,,,
Jim Hazard,Blockchain and Smart Contracts Discussion Group,,Chair / Vice Chair,,,,,,,,,
Communication Group AHG1,ISO/TC 292 Security and Resilience,,Organization for Group,,,,,,,,,
MODRNA Registration,MONDRNA,,Specification of Group,,,,,,,,,
Flightmap,Trust in Digital Life,,General Member,,,,,,,,,
7th Framework Programme,Smart Society Project,,Funding Flow,,,,,,,,,
The Scientific & Technological Research Council of Turkey (TUBITAK),Turkish Government,,Government Connection,,,,,,,,,
Integrated Circuit Cards with Contacts WG4,ISO/IEC JTC1/SC17,,Organization for Group,,,,,,,,,
User Managed Access,Kantara,,Organization for Group,,,,,,,,,
CitizenSafe,GOV.UK Verify,,Certified IdP,,,,,,,,,
Giesecke & Devrient (G&D),Future Trust,,General Member,,,,,,,,,
Neeraj Suri,"DEEDS - Dependable, Embedded Systems and Software",,Chair / Vice Chair,,,,,,,,,
CCSA  China Communications Standards Association,Global Standards Collaboration,,General Member,,,,,,,,,
Health Relationship Trust Profile for User Managed Access 1.0,HEART Working Group,,Specification of Group,,,,,,,,,
Digital Footprint Videos,Privacy and Identity,,Specification of Group,,,,,,,,,
SURF Net,Trust in Digital Life,,General Member,,,,,,,,,
Systematic Alien Verification for Entitlements SAVE,US Citizenship and Immigration Services,,Government Connection,,,,,,,,,
European Commission,"DG Connect European Commission's Directorate General for Communications Networks, Content & Technology",,Government Connection,,,,,,,,,
Virginia Electronic Identity Management Act,International Identity Law and Policy Workshop,,Connection,,,,,,,,,
Mike Jones,OpenID Connect Core 1.0,,Author,,,,,,,,,
D. Salama,AccountChooser Integration API Profile 1.0,,Author,,,,,,,,,
Ku Leuven,LSEC – Leaders In Security,,Founder,,,,,,,,,
Address Supporting Organization,Number Resource Organization (NRO),,Connection,,,,,,,,,
Jericho Forum,Global Identity Foundation,,Connection,,,,,,,,,
Mike Jones,OpenID Connect Back-Channel Logout 1.0,,Author,,,,,,,,,
United Nations Commission on International Trade Law,United Nations,,Government Connection,,,,,,,,,
Web Authentication API,Web Authentication,,Organization for Group,,,,,,,,,
Consult Hyperion,OIX-UK,,General Member,,,,,,,,,
T. Lodderstedt,Deutsche Telekom,,Employee,,,,,,,,,
GOV.UK Verify,UK Government,,Government Connection,,,,,,,,,
Tracking Preference Expression (DNT),User Submitted Terms,,Similar Efforts/Projects/Work,,,,,,,,,
National Strategy for Trusted Identities in Cyberspace (NSTIC) - National Program Office,Identity Ecosystem Steering Group,,,,,,,,,,,
John Bradley,iGov Working Group,,Chair / Vice Chair,,,,,,,,,
enisa European Network and Information Security Agency,Privacy by Design in Big Data,,Author,,,,,,,,,
"DG Connect European Commission's Directorate General for Communications Networks, Content & Technology",eIDAS,,Government Connection,,,,,,,,,
AFRINIC (African Network Information Center),Number Resource Organization (NRO),,General Member,,,,,,,,,
eSignature,eSignature Introduction,,Author,,,,,,,,,
Identity Law & Policy Workshop Amsterdam,Report: International Law and Policy Workshop 2,,Author,,,,,,,,,
EEMA,enisa European Network and Information Security Agency,,Collaboration Partner / Affiliate,,,,,,,,,
White House - Office of Science and Technology Policy,United States Government,,Government Connection,,,,,,,,,
Keith Institute,Personal Data Project,,Connection,,,,,,,,,
Consent and Information Sharing Working  Group,Kantara,,Organization for Group,,,,,,,,,
Trustable Ltd.,Future Trust,,General Member,,,,,,,,,
Emergency Management WG3,ISO/TC 292 Security and Resilience,,Organization for Group,,,,,,,,,
OpenID AccountChooser Basic API Profile 1.0,Account Chooser,,Specification of Group,,,,,,,,,
Blockchain Working Group,ATTPS Achieving The Trust Paradigm Shift,,Author,,,,,,,,,
"International Working Group on Data Protection in Telecommunications (IWGDPT) ""The Berlin Group""",Working Paper on Mobile processing of Personal Data and Security,,Author,,,,,,,,,
Department of Homeland Security,United States Government,,Government Connection,,,,,,,,,
"HEART profile for FHIR UMA resource set types, scopes, and claims-gathering flows",HEART Working Group,,Specification of Group,,,,,,,,,
Identity in the Cloud,OASIS,,Organization for Group,,,,,,,,,
7th Framework Programme,STORK,,Funding Flow,,,,,,,,,
John Bradley,Token Bound Authentication,,Author,,,,,,,,,
RDF,W3C,,Organization for Group,,,,,,,,,
Computer Science and Telecommunications Board; Division on Engineering and Physical Sciences; National Research Council,Protecting Individual Privacy in the Struggle Against Terrorists: A Framework for Program Assessment,,Author,,,,,,,,,
National Institute of Standards (NIST),United States Government,,Government Connection,,,,,,,,,
Digital Log Book,OIX-UK,,General Member,,,,,,,,,
European Data Protection Supervisor (Contrôleur européen de la protection des données),European Union,,Government Connection,,,,,,,,,
epSOS,OpenNPC,,Connection,,The code went from the epSOS project to OpenNPC and is being stewarded by the eHealth Digital Service Infrastructure which is part of the Connecting Europe Facility.,,,,,,,
European Commission,"Directorate-General for Internal Market, Industry, Entrepreneurship and SMEs (DG GROWTH )",,Government Connection,,,,,,,,,
Machine Readable Travel Documents WG3,ISO/IEC JTC1/SC17,,Organization for Group,,,,,,,,,
Future of Identity in the Information Society (FIDIS),Identity Management and Privacy Technologies WG5,,Connection,,,,,,,,,
SDNRG Software-Defined Networking Research Group,DMTF Distributed Management Task Force Inc.,,Connection,,,,,,,,,
IEEE Internet of Things,IEEE Computer Society,,Organization for Group,,,,,,,,,
Söderhamn Kommun,ABC4Trust,,General Member,,,,,,,,,
ETSI  The European Telecommunications Standards Institute,The Internet Technical Advisory Committee,,General Member,,,,,,,,,
John Bradley,Ping Identity,,Employee,,,,,,,,,
Address Supporting Organization,Internet Corporation for Assigned Names and Numbers (ICANN),,Connection,,,,,,,,,
Internet Society ISOC,The Internet Technical Advisory Committee,,Chair / Vice Chair,,,,,,,,,
IESG -  Internet Engineering Steering Group,IETF,,Organization for Group,,,,,,,,,
W3C,The Internet Technical Advisory Committee,,General Member,,,,,,,,,
"Authenticity, Integrity and Trust for Products and Documents  WG4",ISO/TC 292 Security and Resilience,,Organization for Group,,,,,,,,,
User Submitted Terms,Consent and Information Sharing Working  Group,,Specification of Group,,,,,,,,,
Information technology — Identification cards — On-Card matching (24787),Biometrics WG11,,Specification of Group,,,,,,,,,
IEEE Standards Organization,IEEE Computer Society,,Connection,,,,,,,,,
Financial Transaction Cards WG7,ISO/IEC JTC1/SC17,,Organization for Group,,,,,,,,,
Secure Identity Alliance,Civil Registry Consolidation through Digital Identity Management,,Author,,,,,,,,,
Verizon,OIX-UK,,Executive Member,,,,,,,,,
Andrew Nash,confyrm,,Employee,,,,,,,,,
Chair for Information Security and Cryptography at the University of Trier,OAuth Security Workshop 2016,,Convenor,,,,,,,,,
National Strategy for Trusted Identities in Cyberspace,Identity Ecosystem Steering Group,,Connection,,,,,,,,,
North American Security Products Organization,ANCI,,Connection,,,,,,,,,
CitizenSafe,OIX-UK,,General Member,,,,,,,,,
Information Commissioner’s Office,UK Government,,Government Connection,,,,,,,,,
NXP Semiconductors,Trust in Digital Life,,General Member,,,,,,,,,
Digidentity,GOV.UK Verify,,Certified IdP,,,,,,,,,
Cookie Clearinghouse,Privacy Badger,,Connection,,,,,,,,,
Internet Corporation for Assigned Names and Numbers (ICANN),The Internet Technical Advisory Committee,,General Member,,,,,,,,,
Imprimerie Nationale,Secure Identity Alliance,,Executive Member,,,,,,,,,
Digital Identity Programme,GSMA,,Organization for Group,,,,,,,,,
The Internet Technical Advisory Committee,Guidelines on the Protection of Privacy and Transborder Flows of Personal Data,,Author,,,,,,,,,
Nat Sakimura,AccountChooser Integration API Profile 1.0,,Author,,,,,,,,,
Austrian Federal Ministry of Finance,The Secure Information Technology Center – Austria (A-SIT),,Funding Flow,,,,,,,,,
Trust in Digital Life,Trust in Digital World,,Convenor,,,,,,,,,
UMA Developer,Kantara,,Organization for Group,,,,,,,,,
Jericho Forum,“Identity” Commandments,,Author,,,,,,,,,
Netnod,Automomica,,Founder,,,,,,,,,
"TTC  Telecommunication Technology Committee, Japan",Global Standards Collaboration,,General Member,,,,,,,,,
Barclays,GOV.UK Verify,,Certified IdP,,,,,,,,,
US National Information Exchange Model,e-Government Core Vocabularies,,Connection,,,,,,,,,
SDNRG Software-Defined Networking Research Group,IETF,,Connection,,,,,,,,,
CEF Telecom,Non-paper on the IT Governance of CEF Building Block Digital Service Infrastructures (DSIs),,Author,,,,,,,,,
Optical Memory Cards WG9,ISO/IEC JTC1/SC17,,Organization for Group,,,,,,,,,
P. Tarjan,OAuth 2.0 Multiple Response Type Encoding Practices,,Author,,,,,,,,,
United States Government,United Nations,,Government Connection,,,,,,,,,
Israeli Government,"Israeli Law, Information and Technology Authority",,Government Connection,,,,,,,,,
iGov Working Group,OpenID Foundation,,Organization for Group,,,,,,,,,
Web Payment Activity,W3C,,Organization for Group,,,,,,,,,
Avoco,OIX-UK,,General Member,,,,,,,,,
DNSSEC,IETF,,Organization for Group,,,,,,,,,
Digidentity,OIX-UK,,General Member,,,,,,,,,
Payment App API,Web Payments Working Group,,Specification of Group,,,,,,,,,
Social Security Administration,Electronic Verification of Vital Events (EVVE),,Customer of Service / Company,,,,,,,,,
European Commission,General Data Protection Regulation,,Author,,,,,,,,,
7th Framework Programme,Private Identity as a Service,,Funding Flow,,,,,,,,,
Barclays,OIX-UK,,Executive Member,,,,,,,,,
Domenico Catalano,UMA Profile of OAuth 2.o,,Author,,,,,,,,,
confyrm,OIX-UK,,General Member,,,,,,,,,
Rainer Hoerbe,Identity in the Cloud,,Person Affiliated,,,,,,,,,
THE COALITION FOR SENSIBLE PUBLIC RECORDS ACCESS,"Social Security Numbers, Public Records, and Identity Theft",,,,,,,,,,,
T2TRG Thing-to-Thing Research Group,Web of Things Interest Group,,Connection,,,,,,,,,
Privacy Considerations for Web Protocols,The Tracking Protection Working Group,,Specification of Group,,,,,,,,,
Secure Identity,Morpho (Safran Identity and Security),,Organization for Group,,,,,,,,,
UMA Profile of OAuth 2.o,User Managed Access,,Organization for Group,,,,,,,,,
IETF,The Internet Technical Advisory Committee,,General Member,,,,,,,,,
Office of the Australian Information Commissioner,The International Conference of Data Protection and Privacy Commissioners,,General Member,,,,,,,,,
IETF,Do Not Track: A Universal Third-Party Web Tracking Opt Out,,Specification of Group,,,,,,,,,
Nat Sakimura,OpenID Connect Discovery 1.0,,Author,,,,,,,,,
Security Controls and Services WG4,ISO/IEC JTC 1 / SC27 IT Security Techniques,,Organization for Group,,,,,,,,,
INC: Industry Numbering Committee,"ATIS   The Alliance for Telecommunications Industry Solutions, USA",,Organization for Group,,,,,,,,,
European Commission,Innovation and Networks Executive Agency,,Government Connection,,,,,,,,,
"International Working Group on Data Protection in Telecommunications (IWGDPT) ""The Berlin Group""",Working Paper on Intelligent Video Analytics,,Author,,,,,,,,,
Communication: ICT Standardisation Priorities for the Digital Single Market,eIDAS,,Connection,,,,,,,,,
NEC Laboratories Europe,Trust in Digital Life,,General Member,,,,,,,,,
Web of Things Community Group,W3C,,Organization for Group,,,,,,,,,
Digital Catapult,UK Government,,Government Connection,,,,,,,,,
IEEE Technical Committee on Security and Privacy,38th IEEE Symposium on Security and Privacy,,Convenor,,,,,,,,,
Arhs Spikeseed,Future Trust,,General Member,,,,,,,,,
Consent Receipt Specification,Consent and Information Sharing Working  Group,,Specification of Group,,,,,,,,,
State of Virginia,Virginia Electronic Identity Management Act,,Author,,,,,,,,,
Identification cards – Contactless integrated circuit(s) cards – Proximity integrated circuit(s) cards (14443),Contactless Integrated Circuit(s) cards WG8,,Specification of Group,,,,,,,,,
The Internet Technical Advisory Committee,The Evolving Role of the Individual in Privacy Protection: 30 Years after the OECD Privacy Guidelines,,Convenor,,,,,,,,,
SDNRG Software-Defined Networking Research Group,Open Networking Foundation ONF,,Connection,,,,,,,,,
Harvard Medical School Department of Biomedical Informatics,Harvard,,Organization for Group,,,,,,,,,
Bern University of Applied Sciences,VoteID 2015,,Convenor,,,,,,,,,
NFVRG Network Function Virtualization Research Group,Internet Research Task Force IRTF,,Organization for Group,,,,,,,,,
Machine Readable Travel Documents WG3,Doc 9303  Machine Readable Travel Documents,,Author,,,,,,,,,
Timpson,OIX-UK,,Executive Member,,,,,,,,,
MAPRG Measurement and Analysis for Protocols Research Group,Internet Research Task Force IRTF,,Organization for Group,,,,,,,,,
e-SENS   Electronic Simple European Networked Services,CEF Building Blocks / CEF Digital Portal,,Connection,,,,,,,,,
PKCS 11 TC,OASIS,,Organization for Group,,,,,,,,,
NorStella - Foundation for e-Business and Trade Procedures,European Trust Foundation,,Executive Member,,,,,,,,,
eDelivery,eDelivery Introduction,,Author,,,,,,,,,
Computer Science and Telecommunications Board; Division on Engineering and Physical Sciences; National Research Council,Trust in Cyberspace,,Author,,,,,,,,,
CEF Building Blocks / CEF Digital Portal,eSignature,,Government Connection,,,,,,,,,
CEF Building Blocks / CEF Digital Portal,eTranslation,,,,,,,,,,,
David Singer,Tracking Preference Expression (DNT),,Author,,,,,,,,,
LDAP,Network Working Group,,Organization for Group,,,,,,,,,
EEMA,ISSE Information Security Solutions Europe,,Convenor,,,,,,,,,
Eve Maler,UMA Profile of OAuth 2.o,,Author,,,,,,,,,
Network Working Group,IETF,,Organization for Group,,,,,,,,,
"Department of Computer Science, Privacy and Security Group.",IFIP Summer School 2016,,Convenor,,,,,,,,,
Horizon 2020,"triedisec Trust-aware, REliable and Distributed Information SEcurity in the Cloud",,Funding Flow,,,,,,,,,
"International Working Group on Data Protection in Telecommunications (IWGDPT) ""The Berlin Group""",Working Paper on the Use of Deep Packet Inspection for Marketing Purposes,,Author,,,,,,,,,
Issuer Identification Numbers (IINs)/Application Provider Identifiers (RIDs)Identification cards – Machine readable travel documents – Part 3: Official travel documents,Machine Readable Travel Documents WG3,,Specification of Group,,,,,,,,,
Government Digital Service,GOV.UK Verify,,Connection,,,,,,,,,
Alexandra Institute,ABC4Trust,,General Member,,,,,,,,,
Developing Countries Contact Group DCCG,ISO/TC 292 Security and Resilience,,Organization for Group,,,,,,,,,
ICAO Technical Advisory Group on Traveller Identification Programme,ICAO,,Organization for Group,,,,,,,,,
Thomas Hardjono,UMA Profile of OAuth 2.o,,Author,,,,,,,,,
MONDRNA,OpenID Foundation,,Organization for Group,,,,,,,,,
"DG Connect European Commission's Directorate General for Communications Networks, Content & Technology",Annual Privacy Forum,,Convenor,,,,,,,,,
Global Identity Foundation,Paul Simmonds,,Employee,,,,,,,,,
Mike Jones,OpenID Connect Front-Channel Logout 1.0,,Author,,,,,,,,,
Netnod,The Internet Technical Advisory Committee,,General Member,,,,,,,,,
"DEEDS - Dependable, Embedded Systems and Software",ABC4Trust,,General Member,,,,,,,,,
IDnext,European Trust Foundation,,Executive Member,,,,,,,,,
ETSI  The European Telecommunications Standards Institute,3rd Generation Partnership Project (3GPP),,Executive Member,,,,,,,,,
DoNotTrack.Us,The Tracking Protection Working Group,,Similar Efforts/Projects/Work,,,,,,,,,
John Bradley,OpenID Connect Core 1.0,,Author,,,,,,,,,
IEEE Future Directions Committee,IEEE Computer Society,,Organization for Group,,,,,,,,,
Financial transaction cards (7814),Financial Transaction Cards WG7,,Specification of Group,,,,,,,,,
OASIS,The Internet Technical Advisory Committee,,General Member,,,,,,,,,
epSOS,EXPAND,,Connection,,,,,,,,,
Coordination Center for TLD RU (CC for TLD RU),The Internet Technical Advisory Committee,,General Member,,,,,,,,,
Identification cards – Optical memory cards (11693-5),Optical Memory Cards WG9,,Specification of Group,,,,,,,,,
7th Framework Programme,Horizon 2020,,Connection,,,,,,,,,
National Interoperability Framework Observatory (NIFO),NIFs Implementation and Monitoring State of Play 2015,,Author,,,,,,,,,
Linux Foundation,Internet Security Research Groups ISRG,,,,,,,,,,,
Identification cards – Contactless integrated circuit(s) cards – Vicinity cards  (15693),Contactless Integrated Circuit(s) cards WG8,,Specification of Group,,,,,,,,,
Microsoft France,Microsoft,,Organization for Group,,,,,,,,,
Tony Nadalin,Microsoft,,Employee,,,,,,,,,
Account Chooser,OpenID Foundation,,Organization for Group,,,,,,,,,
ANCI,ISO/IEC,,General Member,,,,,,,,,
Global Identity Foundation,Global Identity Foundation - Vision & Mission,,Author,,,,,,,,,
eDocuments,Secure Identity Alliance,,Organization for Group,,,,,,,,,
Working Party on Security and Privacy in the Digital Economy (WPSDE),OECD Committee on Digital Economy Policy,,Specification of Group,,,,,,,,,
FIDO 2.0: Signature format,Web Authentication,,Organization for Group,,,,,,,,,
Privacy Management Reference Model (PMRM),OASIS,,Organization for Group,,,,,,,,,
IEEE Internet of Things,Towards a definition of the Internet of  Things (IoT),,Author,,,,,,,,,
IEEE Future Directions Committee,IEEE Technology Time Machine,,Convenor,,,,,,,,,
SSEDIC.2020 - Scoping the Single European Digital Identity Community for the next decade,"Open, Identity Summit",,Convenor,,,,,,,,,
OAuth Dynamic Client Registration (RFC7591),OAuth WG,,Specification of Group,,,,,,,,,
State of Virginia,United States Government,,Government Connection,,,,,,,,,
"Security Evaluation, Testing and Specification WG3",ISO/IEC JTC 1 / SC27 IT Security Techniques,,Organization for Group,,,,,,,,,
Pam Dingle,OpenID AccountChooser Basic API Profile 1.0,,Author,,,,,,,,,
ULD - Unabhängiges Landeszentrum fur Datenschutz,ABC4Trust,,General Member,,,,,,,,,
OpenID Connect Profile for SCIM Services,AB/Connect Working Group,,Specification of Group,,,,,,,,,
Internet2,The Internet Technical Advisory Committee,,General Member,,,,,,,,,
Josh Mandel,Health Relationship Trust Profile for Fast Healthcare Interoperability Resources (FHIR) OAuth 2.0 Scopes,,Author,,,,,,,,,
Ministry of Interior Republic of Serbia,Future Trust,,General Member,,,,,,,,,
CA Technologies,OIX-UK,,Executive Member,,,,,,,,,
Community Resilience WG5,ISO/TC 292 Security and Resilience,,Organization for Group,,,,,,,,,
Western Hemisphere Travel Initiative,US Customs and Boarder Protection,,Government Connection,,,,,,,,,
"TSDSI  Telecommunications Standards Development Society, Indiia",3rd Generation Partnership Project (3GPP),,Executive Member,,,,,,,,,
"ARIB  The Association of Radio Industries and Businesses, Japan",3rd Generation Partnership Project (3GPP),,Executive Member,,,,,,,,,
US Customs and Boarder Protection,USCIS US Citizenship and Immigration Services - Department of Homeland Security,,Government Connection,,,,,,,,,
N. Agarwal,Google,,Employee,,,,,,,,,
berlin Commissioner for Data Protection and Freedom of Information,German Government,,Government Connection,,,,,,,,,
European Commission,Connecting Europe Facility,,Government Connection,,,,,,,,,
FIDO 2.0: Web API for accessing FIDO 2.0 credentials,Web Authentication,,Organization for Group,,,,,,,,,
Ruhr-University Bochum,Future Trust,,General Member,,,,,,,,,
OASIS,Key Management Interoperability Protocol (KMIP),,Organization for Group,,,,,,,,,
Morpho (Safran Identity and Security),Secure Identity Alliance,,Executive Member,,,,,,,,,
Roy T. Fielding,Tracking Preference Expression (DNT),,Author,,,,,,,,,
"International Working Group on Data Protection in Telecommunications (IWGDPT) ""The Berlin Group""",Working Paper on Cloud Computing - Privacy and data protection issues - “Sopot Memorandum”,,Author,,,,,,,,,
Horizon 2020,PRISMACLOUD,,Funding Flow,,grant agreement No 644962,,,,,,,
Motor Vehicle Drivers Licence and Related Documents WG10,ISO/IEC JTC1/SC17,,Organization for Group,,,,,,,,,
European Commission,Directorate-General for Informatics (DIGIT),,Government Connection,,,,,,,,,
HEART Working Group,OpenID Foundation,,Organization for Group,,,,,,,,,
Horizon 2020,STORK 2.0,,Funding Flow,,,,,,,,,
Information Security Management Systems WG1,ISO/IEC JTC 1 / SC27 IT Security Techniques,,Organization for Group,,,,,,,,,
"TTA  Telecommunications Technology Association, Korea",Global Standards Collaboration,,General Member,,,,,,,,,
OECD Committee on Digital Economy Policy,OECD (The Organisation for Economic Co-operation and Development),,Organization for Group,,,,,,,,,
Hannes Tschofenig,OAuth Security Workshop 2016,,Chair / Vice Chair,,,,,,,,,
eHealth Digital Service Infrastructure,OpenNPC,,Government Connection,,,,,,,,,
Eve Maler,UMA WG’s requirements and design principles,,Author,,,,,,,,,
Oberthur,Secure Identity Alliance,,Executive Member,,,,,,,,,
Nat Sakimura,OpenID Connect Core 1.0,,Author,,,,,,,,,
ICAO Technical Advisory Group on Traveller Identification Programme,Doc 9303  Machine Readable Travel Documents,,Author,,,,,,,,,
Goethe University: Frankfurt,Annual Privacy Forum,,Convenor,,,,,,,,,
Protective Security WG 6,ISO/TC 292 Security and Resilience,,Organization for Group,,,,,,,,,
Alexandra Institute,Trust in Digital Life,,General Member,,,,,,,,,
U.S. Passport Verification Services (USPVS),American Association of Motor Vehicle Administrators,,Organization for Group,,,,,,,,,
Connecting Europe Facility,CEF Telecom,,Government Connection,,,,,,,,,
Identity Management in Electronic Commerce,Uniform Law Commission,,Organization for Group,,,,,,,,,
Fluffy: Simplified Key Exchange for Constrained Environments,ACE - Authentication and Authorization of Constrained Environments,,Organization for Group,,,,,,,,,
IETF,Internet Society ISOC,,Organization for Group,,,,,,,,,
Global Identity Foundation,Steve Moyle,,Employee,,,,,,,,,
Working Party on Communications and Infrastructure Services Policy (CISP),OECD Committee on Digital Economy Policy,,Specification of Group,,,,,,,,,
ICAO Technical Advisory Group on Traveller Identification Programme,Machine Readable Travel Documents Glossary,,Author,,,,,,,,,
Computer Science and Telecommunications Board; Division on Engineering and Physical Sciences; National Research Council,Engaging Privacy and Information Technology in a Digital Age,,Author,,,,,,,,,
UAF,FIDO Alliance,,Organization for Group,,,,,,,,,
Connecting Europe Facility CEF  Telecom Expert Group,CEF Telecom,,Government Connection,,,,,,,,,
Phil Hunt,Oracle,,Employee,,,,,,,,,
John Bradley,OpenID Connect Session Management 1.0,,Author,,,,,,,,,
Austrian Federal Ministry of Finance,Austrian Government,,Government Connection,,,,,,,,,
"International Working Group on Data Protection in Telecommunications (IWGDPT) ""The Berlin Group""",Working paper on Transparency Reporting: Promoting accountability when governments access personal data held by companies,,Author,,,,,,,,,
Latin America and Caribbean Network Information Centre,Number Resource Organization (NRO),,General Member,,,,,,,,,
SWITCH,The Internet Technical Advisory Committee,,General Member,,,,,,,,http://www.switch.ch/,
Connecting Europe Facility,Open PEPPOL,,Funding Flow,,,,,,,,,
Open Identity Exchange,International Identity Law and Policy Workshop,,Convenor,,,,,,,,,
U2F,FIDO Alliance,,Organization for Group,,,,,,,,,
Mike Jones,Token Bound Authentication,,Author,,,,,,,,,
The Scientific & Technological Research Council of Turkey (TUBITAK),Future Trust,,General Member,,,,,,,,,
IEEE Standards Organization,Global Standards Collaboration,,General Member,,,,,,,,,
Future of Identity in the Information Society (FIDIS),HighTech ID,,Author,,,,,,,,,
IEEE Technical Committee on Security and Privacy,IEEE Computer Society,,Organization for Group,,,,,,,,,
JSON-LD,W3C,,Organization for Group,,,,,,,,,
international Association for Cryptologic Research,EuroCrypt 2017,,Convenor,,,,,,,,,
Virginia Identity Management Standards Advisory Council,State of Virginia,,Government Connection,,,,,,,,,
Telecommunications Industry Association (TIA),Global Standards Collaboration,,General Member,,,,,,,,,
GSMA,Digital Identity: Towards Shared Principles for Public and Private Sector Cooperation A joint World Bank Group – GSMA – Secure Identity Alliance Discussion Paper,,Author,,,,,,,,,
Identification cards – Recording technique (7910),Physical Characteristics and Test Methods WG1,,Specification of Group,,,,,,,,,
CBOR Web Token (CWT),ACE - Authentication and Authorization of Constrained Environments,,Organization for Group,,,,,,,,,
B. de Medeiros,OpenID Connect Session Management 1.0,,Author,,,,,,,,,
Telecommunications Industry Association (TIA),The Internet Technical Advisory Committee,,General Member,,,,,,,,,
ISO/TC 292 Security and Resilience,ISO/IEC JTC1/SC17,,Connection,,,,,,,,,
T. Lodderstedt,MODRNA Registration,,Author,,,,,,,,,
IEEE Future Directions Committee,IEEE Cybersecurity Initiative,,Founder,,,,,,,,,
7th Framework Programme,ESSENCE,,Funding Flow,,,,,,,,,
MODRNA Discovery,MONDRNA,,Specification of Group,,,,,,,,,
Future of Identity in the Information Society (FIDIS),Profiling,,Author,,,,,,,,,
"ARIB  The Association of Radio Industries and Businesses, Japan",Global Standards Collaboration,,General Member,,,,,,,,,
M. Scurtescu,Google,,Employee,,,,,,,,,
OASIS,CloudAuthorization (CloudAuthZ),,Organization for Group,,,,,,,,,
SDNRG Software-Defined Networking Research Group,IEEE Standards Organization,,Connection,,,,,,,,,
Trustable Ltd.,Digital Signature Services eXtended (DSS-X) TC,,Founder,,,,,,,,,
"TTA  Telecommunications Technology Association, Korea",3rd Generation Partnership Project (3GPP),,Executive Member,,,,,,,,,
The Evolving Role of the Individual in Privacy Protection: 30 Years after the OECD Privacy Guidelines,The International Conference of Data Protection and Privacy Commissioners,,Connection,,,,,,,,,
Study Group 17,ISO/IEC,,Connection,,[This document articulates all the connections between the two.](http://www.itu.int/en/ITU-T/studygroups/2013-2016/17/Documents/reference-info/SG17-rels-ISO+IEC+ISOIECJTC1.doc),,,,,,,
Deutsche Telekom,Chair of Mobile Business & Multilateral Security,,Sponsor,,,,,,,,,
Records and Information from DMVs for E-Verify (RIDE),American Association of Motor Vehicle Administrators,,Organization for Group,,,,,,,,,
Eve Maler,User Managed Access,,Chair / Vice Chair,,,,,,,,,
Vyjayanti Desai,ID4D,,Employee,,,,,,,,,
B. Campbell,OAuth 2.0 Form Post Response Mode,,Author,,,,,,,,,
Vendorcom,European Trust Foundation,,Executive Member,,,,,,,,,